X,Y,STATEFP10,COUNTYFP10,GEOID10,NAME10,NAMELSAD10,ALAND10,AWATER10,INTPTLAT10,INTPTLON10,TOTPOP,NH_WHITE,NH_BLACK,NH_AMIN,NH_ASIAN,NH_NHPI,NH_OTHER,NH_2MORE,HISP,H_WHITE,H_BLACK,H_AMIN,H_ASIAN,N_NHPI,H_OTHER,H_2MORE,VAP,HVAP,WVAP,BVAP,AMINVAP,ASIANVAP,NHPIVAP,OTHERVAP,2MOREVAP,TOTVOT00,PRES00D,PRES00R,PRES00G,PRES00OTH,TOTVOT04,PRES04D,PRES04R,PRES04OTH,TOTVOT08,PRES08D,PRES08R,PRES08OTH,TOTVOT12,PRES12D,PRES12R,PRES12OTH,TOTVOT16,PRES16D,PRES16R,PRES16OTH,CD
-92.9990010405311,42.0358010107192,19,127,19127,Marshall,Marshall County,1482770678,1803086,+42.0416910,-092.9814523,40648,31807,629,104,526,39,33,493,7017,4264,50,82,10,11,2263,337,30344,3762,25417,421,67,406,26,20,225,17624,8322,8785,340,177,19164,9443,9557,164,18657,10023,8278,356,19064,10257,8472,335,17980,7652,9146,1182,1
-92.0669659987178,42.0802989929437,19,011,19011,Benton,Benton County,1855117342,5760770,+42.0925474,-092.0576300,26076,25387,93,41,66,2,5,207,275,182,9,4,0,0,48,32,19430,155,19068,49,34,46,2,4,72,11766,5915,5468,231,152,13501,6747,6658,96,13712,7058,6447,207,14023,6862,6940,221,13844,4678,8232,934,1
-95.150845893062,43.0825204870713,19,041,19041,Clay,Clay County,1469139214,13866941,+43.0798220,-095.1497261,16667,15843,68,36,98,0,1,144,477,234,1,2,1,1,195,43,12837,265,12386,39,25,67,0,0,55,7578,3294,3992,166,126,8588,3547,4898,143,8398,3925,4355,118,8502,3385,4951,166,8617,2249,5877,491,4
-95.3254641251174,41.6846355288617,19,165,19165,Shelby,Shelby County,1530110414,1486135,+41.6790143,-095.3089173,12167,11763,31,24,46,0,7,77,219,146,1,4,0,2,61,5,9301,133,9056,19,16,26,0,5,46,6009,2179,3655,113,62,6670,2355,4256,59,6453,2863,3488,102,6483,2469,3911,103,6370,1662,4362,346,4
-91.3525855272322,42.8621462410019,19,043,19043,Clayton,Clayton County,2016405612,36586071,+42.8409979,-091.3235108,18129,17563,60,13,42,17,2,126,306,168,1,7,0,0,108,22,13925,163,13610,28,12,27,15,0,70,8571,4238,4034,206,93,9168,4736,4312,120,8989,5195,3651,143,9138,4806,4164,168,9129,3237,5317,575,1
-90.6289105381788,42.2070069287014,19,097,19097,Jackson,Jackson County,1647332960,35141529,+42.1642812,-090.5745965,19848,19223,58,37,47,88,2,173,220,116,3,3,0,1,65,32,15243,113,14915,29,23,32,52,2,77,9032,4945,3769,227,91,10011,5656,4242,113,9955,6102,3673,180,10242,5907,4177,158,10310,3837,5824,649,1
-93.6974016644622,42.3833870046826,19,079,19079,Hamilton,Hamilton County,1493777716,1965344,+42.3907681,-093.7091980,15673,14344,40,26,311,0,8,162,782,359,10,7,0,0,354,52,11904,447,11140,29,16,211,0,5,56,7574,3407,3968,141,58,8335,3895,4367,73,8078,4018,3913,147,7927,3782,3991,154,7694,2726,4463,505,4
-94.6999308222426,40.7356715100877,19,173,19173,Taylor,Taylor County,1377618597,7133648,+40.7379489,-094.6971082,6317,5872,12,9,17,0,0,43,364,196,2,0,0,3,147,16,4841,214,4575,7,6,12,0,0,27,3096,1247,1770,46,33,3190,1252,1908,30,3026,1347,1607,72,2995,1262,1683,50,3029,758,2111,160,3
-91.0770238014239,41.465325989337,19,139,19139,Muscatine,Muscatine County,1133040484,30198875,+41.4837760,-091.1186992,42745,34518,545,76,334,13,41,415,6803,3543,61,57,16,0,2728,398,31581,3965,26778,320,57,243,9,18,191,16076,8058,7483,371,164,18717,9542,9020,155,19119,10920,7929,270,19865,11323,8168,374,19434,8368,9584,1482,2
-93.7351101257328,42.7325860079867,19,197,19197,Wright,Wright County,1503286817,4703964,+42.7330073,-093.7347352,13229,11738,40,20,33,3,5,116,1274,807,17,0,0,3,354,93,10143,748,9294,15,12,23,3,4,44,6336,2796,3384,107,49,6603,2930,3631,42,6395,3102,3198,95,6278,2836,3349,93,6026,1896,3800,330,4
-90.5328132415687,41.8802892281356,19,045,19045,Clinton,Clinton County,1799821282,39523759,+41.8980732,-090.5342431,49116,45454,1258,101,277,9,23,751,1243,698,33,20,3,3,338,148,37526,695,35416,848,83,185,6,10,283,22180,12276,9229,471,204,24684,13813,10666,205,24719,15018,9324,377,25000,15141,9432,427,23067,10095,11276,1696,2
-92.0670902439362,41.6864815121649,19,095,19095,Iowa,Iowa County,1518916014,2686847,+41.6839184,-092.0591226,16355,15818,53,14,54,2,9,98,307,184,4,13,2,0,79,25,12338,167,12037,35,9,41,2,5,42,7413,3230,3894,188,101,8454,3841,4544,69,8546,4202,4188,156,8866,4144,4569,153,8904,3084,5205,615,1
-95.1507083799005,42.7354015010021,19,021,19021,Buena Vista,Buena Vista County,1489022575,13758158,+42.7415220,-095.1414325,20260,13756,497,18,1119,95,10,157,4608,2585,43,33,22,5,1718,202,15204,2743,11174,306,13,812,64,8,84,7977,3297,4354,227,99,8490,3520,4887,83,8418,4075,4223,120,8383,3700,4554,129,8278,2856,4903,519,4
-96.040769676689,42.3866859715021,19,193,19193,Woodbury,Woodbury County,2147483647,12793293,+42.3932198,-096.0532956,102172,79282,2384,1789,2395,102,60,2167,13993,6105,72,465,28,4,6180,1139,74958,7836,61664,1605,1167,1705,55,30,896,37896,17691,18864,804,537,44195,21455,22451,289,44801,21983,22219,599,45019,22302,21841,876,43718,16210,24727,2781,4
-94.2064485253147,43.2034744933747,19,109,19109,Kossuth,Kossuth County,2147483647,4154729,+43.2124777,-094.2139830,15543,15121,43,8,59,0,6,91,215,102,1,12,0,4,67,29,11988,115,11777,23,5,37,0,4,27,8878,3960,4612,206,100,9258,4132,5042,84,9097,4625,4329,143,8923,3850,4937,136,8607,2543,5653,411,4
-93.2607556473418,43.3774229990231,19,195,19195,Worth,Worth County,1036314948,4709127,+43.3734910,-093.2485332,7598,7335,21,10,24,0,2,59,147,100,6,4,0,0,29,8,5841,88,5688,6,8,19,0,1,31,4004,2208,1659,91,46,4123,2286,1795,42,4257,2567,1612,78,4172,2350,1744,78,4257,1530,2453,274,1
-91.7157987942709,41.3365834819537,19,183,19183,Washington,Washington County,1473276393,5399692,+41.3294011,-091.7250523,21704,20114,140,40,72,13,2,185,1138,682,6,16,0,0,301,133,16245,637,15350,88,32,54,8,1,75,9094,3932,4827,245,90,10688,4595,5977,116,10626,5170,5247,209,11004,5115,5562,327,10929,3943,6173,813,2
-95.0899246430858,42.3853665016392,19,161,19161,Sac,Sac County,1489272900,8596902,+42.3875259,-095.1052244,10350,10031,31,6,15,3,1,68,195,94,0,1,1,2,78,19,8025,105,7853,14,6,12,3,1,31,5033,2099,2776,97,61,5374,2215,3128,31,5053,2256,2705,92,5291,2122,3094,75,5212,1270,3703,239,4
-94.2072878925935,42.7791395025875,19,091,19091,Humboldt,Humboldt County,1124967281,3406139,+42.7822212,-094.2027754,9815,9288,39,14,31,0,4,82,357,130,5,1,1,1,199,20,7557,202,7275,22,9,18,0,0,31,4940,1949,2846,100,45,5350,2146,3162,42,5122,2160,2895,67,5158,1972,3099,87,5087,1252,3568,267,4
-95.6239625878855,42.7355845220223,19,035,19035,Cherokee,Cherokee County,1494180371,423187,+42.7427375,-095.6332616,12072,11553,64,29,62,1,0,89,274,114,2,3,0,8,131,16,9517,148,9237,43,16,43,1,0,29,6592,2845,3463,160,124,6796,2988,3758,50,6365,2890,3372,103,6415,2634,3662,119,6258,1679,4192,387,4
-93.7341680845883,43.3774229997797,19,189,19189,Winnebago,Winnebago County,1037261544,3182052,+43.3781243,-093.7434883,10866,10247,78,18,85,1,3,74,360,194,7,4,3,0,115,37,8512,218,8110,65,14,63,1,3,38,5527,2691,2662,115,59,5952,2707,3175,70,6082,3254,2730,98,5918,2903,2906,109,5787,1931,3447,409,4
-96.192316637505,43.3789186958137,19,119,19119,Lyon,Lyon County,1522007130,334472,+43.3835796,-096.2072011,11581,11267,9,8,25,0,3,57,212,73,1,1,0,0,124,13,8376,120,8198,5,7,18,0,1,27,5342,1313,3918,68,43,6101,1303,4751,47,6217,1675,4471,71,6509,1423,4978,108,6377,920,5192,265,4
-93.0994959446845,41.3345899916531,19,125,19125,Marion,Marion County,1436237259,41374638,+41.3314552,-093.0938490,33309,31834,211,44,379,6,5,299,531,369,14,16,0,0,86,46,24947,301,24075,126,36,257,5,3,144,14408,5741,8358,208,101,16696,6574,9990,132,17030,7421,9256,353,17687,7507,9828,352,17816,5482,10962,1372,2
-92.1790411535021,41.3365435078602,19,107,19107,Keokuk,Keokuk County,1500067240,1929331,+41.3311823,-092.1677213,10511,10286,50,14,16,0,1,54,90,53,0,0,2,0,27,8,8069,61,7930,20,13,13,0,0,32,4947,2181,2571,99,96,5480,2294,3119,67,5361,2518,2712,131,5266,2303,2843,120,4985,1342,3390,253,2
-91.59978097844,41.6424054741904,19,103,19103,Johnson,Johnson County,1590355537,23595204,+41.6687365,-091.5888122,130882,108767,6163,226,6774,47,230,2475,6200,3316,142,61,45,4,2142,490,104964,4207,89676,3996,175,5502,38,120,1250,52769,31174,17899,3248,448,65373,41847,22715,811,72975,51027,20732,1216,75977,50666,23698,1613,76940,50200,21044,5696,2
-92.8690790556558,41.0299405157584,19,135,19135,Monroe,Monroe County,1123316981,1522806,+41.0288473,-092.8696415,7970,7677,22,10,29,0,1,62,169,87,0,1,2,0,39,40,6045,91,5892,9,8,22,0,1,22,3647,1699,1858,54,36,3963,1855,2067,41,3873,1798,2000,75,3830,1731,2026,73,3865,1056,2638,171,2
-95.6241892739451,43.0839224939737,19,141,19141,O'Brien,O'Brien County,1484154091,447448,+43.0837455,-095.6256244,14398,13605,56,16,82,1,6,87,545,224,11,2,0,0,281,27,11005,304,10566,33,14,48,1,1,38,7044,2170,4674,108,92,7731,2330,5328,73,7333,2338,4894,101,7341,1969,5266,106,7406,1315,5752,339,4
-90.895264762716,42.4848660215959,19,061,19061,Dubuque,Dubuque County,1575501687,21569071,+42.4634808,-090.8787708,93653,86981,2436,144,871,282,49,1083,1807,1111,50,34,7,6,465,134,71401,1102,67499,1442,112,659,159,28,400,40323,22341,16462,987,533,47043,26561,20100,382,47953,28611,18651,691,50894,28768,21280,846,49721,22850,23460,3411,1
-91.9485012525803,40.7492529954757,19,177,19177,Van Buren,Van Buren County,1255597645,14839903,+40.7541168,-091.9529430,7570,7373,15,10,40,1,1,42,88,66,0,0,0,0,11,11,5748,48,5635,5,6,28,1,1,24,3561,1440,2016,51,54,3836,1568,2211,57,3608,1546,1986,76,3569,1402,2064,103,3561,845,2527,189,2
-93.2624140344593,42.7327260140258,19,069,19069,Franklin,Franklin County,1507301318,1428932,+42.7365489,-093.2714247,10680,9334,19,12,28,1,4,73,1209,667,19,8,0,3,416,96,8133,701,7352,11,9,23,1,3,33,4938,2122,2657,110,49,5521,2340,3128,53,5148,2575,2501,72,5186,2266,2823,97,4968,1493,3163,312,4
-94.5122679085683,41.6827190192247,19,077,19077,Guthrie,Guthrie County,1529699184,6355537,+41.6835728,-094.5012723,10954,10595,16,21,37,4,0,79,202,92,0,1,0,0,85,24,8333,114,8130,11,11,26,4,0,37,5469,2493,2840,86,50,5994,2614,3325,55,5847,2625,3074,148,5888,2569,3171,148,5750,1732,3628,390,3
-91.9487425688561,41.0327214869321,19,101,19101,Jefferson,Jefferson County,1127964789,3538407,+41.0068799,-091.9671367,16843,14539,199,28,1420,2,21,224,410,220,15,3,5,0,123,44,13777,279,11813,166,23,1349,1,10,136,7548,2863,3248,206,1231,8281,4490,3648,143,8631,5070,3324,237,8530,4798,3436,296,8156,3710,3748,698,2
-95.1508616279613,43.3781210142281,19,059,19059,Dickinson,Dickinson County,985764366,60490800,+43.3896107,-095.1960572,16667,16255,29,12,72,5,5,111,178,131,0,1,0,0,32,14,13440,110,13208,13,10,44,2,5,48,8121,3660,4225,169,67,9553,4140,5337,76,9906,4625,5162,119,10159,4095,5912,152,10354,3056,6753,545,4
-92.7887544998775,43.0610584777664,19,067,19067,Floyd,Floyd County,1296631086,1942569,+43.0527410,-092.7873669,16303,15443,200,13,213,4,2,97,331,177,3,10,3,1,109,28,12412,161,11939,108,10,152,3,2,37,7238,3830,3191,154,63,8167,4349,3745,73,8091,4822,3051,218,8257,4680,3472,105,8060,3179,4375,506,4
-92.8680383733051,40.7413745069985,19,007,19007,Appanoose,Appanoose County,1287981483,49083877,+40.7446826,-092.8703450,12887,12470,55,30,35,0,2,114,181,116,8,2,1,1,32,21,9993,99,9745,40,20,27,0,1,61,5704,2560,2992,105,47,6450,3063,3340,47,6176,2970,3086,120,6245,2951,3161,133,6136,1814,4033,289,2
-92.4085796683586,40.7459009967962,19,051,19051,Davis,Davis County,1300661956,6904100,+40.7480892,-092.4103453,8753,8556,7,17,24,0,0,64,85,58,0,2,0,0,21,4,6203,42,6097,3,13,17,0,0,31,3758,1691,1956,67,44,3918,1731,2148,39,3815,1680,2029,106,3773,1520,2138,115,3882,977,2723,182,2
-93.7856953421382,41.0295010319492,19,039,19039,Clarke,Clarke County,1116716080,1524746,+41.0291908,-093.7840961,9286,8208,38,15,32,4,1,61,927,550,1,14,5,0,329,28,6940,541,6304,26,11,25,3,0,30,4176,2081,1984,75,36,4566,2323,2200,43,4443,2218,2118,107,4430,2189,2124,117,4454,1465,2713,276,2
-92.3179014641458,42.4697865046454,19,013,19013,Black Hawk,Black Hawk County,1465333940,17900114,+42.4728884,-092.3060590,131090,109968,11493,209,1685,175,124,2529,4907,2247,147,88,22,26,1921,456,102594,2865,89541,7677,167,1278,89,55,922,55085,30112,23468,1132,373,63907,35392,28046,469,64775,39184,24662,929,67141,39821,26235,1085,64405,32233,27476,4696,1
-90.6202942353059,41.6128955512275,19,163,19163,Scott,Scott County,1186444226,26215864,+41.6416793,-090.6222899,165224,136884,11413,369,3295,53,167,3846,9197,5383,315,127,37,15,2261,1059,124658,5382,107690,7467,275,2315,38,80,1411,70568,35857,32801,1386,524,82722,42122,39958,642,86371,48927,36365,1079,90263,50652,38251,1360,86220,40440,39149,6631,2
-96.2454746338902,42.7353654546994,19,149,19149,Plymouth,Plymouth County,2147483647,2177308,+42.7375854,-096.2158638,24986,23782,73,51,115,16,5,202,742,304,3,20,2,0,365,48,18502,390,17880,41,34,71,10,3,73,10118,3499,6189,198,232,12222,4278,7810,134,12512,4629,7765,118,12950,4164,8597,189,13190,2885,9680,625,4
-92.7891568493297,43.3564949977183,19,131,19131,Mitchell,Mitchell County,1215049026,1118418,+43.3485643,-092.7844663,10776,10564,20,9,28,2,0,43,110,57,1,1,0,0,40,11,8112,63,7985,13,8,19,2,0,22,5162,2650,2388,87,37,5480,2785,2646,49,5766,3179,2469,118,5586,2831,2643,112,5417,1888,3190,339,1
-94.0473961565389,41.6827189796313,19,049,19049,Dallas,Dallas County,1524070766,8421379,+41.6853206,-094.0407065,66135,58630,890,94,1652,37,47,726,4059,2341,28,33,10,2,1362,283,46914,2303,42593,538,60,1114,27,17,262,19330,8561,10306,320,143,26293,10917,15183,193,32640,15149,16954,537,38116,16576,20988,552,38252,15701,19339,3212,3
-94.67809582722,43.0820185155997,19,147,19147,Palo Alto,Palo Alto County,1460349241,14480046,+43.0758537,-094.6672965,9421,9108,44,21,31,4,1,60,152,103,0,0,0,2,28,19,7353,89,7158,34,15,22,1,1,33,4823,2326,2341,81,75,5191,2482,2674,35,4806,2428,2294,84,4887,2139,2660,88,4703,1398,3081,224,4
-95.6361652197324,40.7411686727392,19,071,19071,Fremont,Fremont County,1323872918,14214133,+40.7437257,-095.5995159,7441,7123,32,22,18,1,3,55,187,89,7,1,2,0,76,12,5742,107,5559,17,12,14,1,1,31,3616,1459,2069,63,25,3911,1510,2362,39,3894,1848,1989,57,3668,1637,1972,59,3595,963,2407,225,3
-94.2434289289367,40.7354614956878,19,159,19159,Ringgold,Ringgold County,1386933932,8721518,+40.7353342,-094.2442514,5131,4966,17,13,16,0,2,26,91,38,0,1,0,0,40,12,3888,47,3796,7,7,15,0,2,14,2692,1246,1369,47,30,2778,1286,1466,26,2689,1236,1401,52,2599,1186,1368,45,2707,753,1824,130,3
-92.7902311473846,42.7338270002194,19,023,19023,Butler,Butler County,1502533262,4209738,+42.7347076,-092.7800664,14867,14552,25,14,35,2,0,106,133,84,1,7,0,0,36,5,11364,59,11217,10,12,25,2,0,39,6724,2735,3837,113,39,7475,3001,4417,57,7166,3364,3700,102,7545,3329,4106,110,7513,2157,4921,435,4
-95.15620266015,41.0302835220901,19,137,19137,Montgomery,Montgomery County,1098405666,2410460,+41.0217348,-095.1577896,10740,10265,25,35,23,5,1,81,305,195,0,3,0,0,89,18,8229,168,7964,15,23,14,5,1,39,5394,1838,3417,85,54,5556,1899,3601,56,5287,2326,2887,74,5025,1922,3001,102,5044,1314,3436,294,3
-93.5592382573609,41.3366199856171,19,181,19181,Warren,Warren County,1475844938,9125380,+41.3367685,-093.5643662,46225,44266,213,96,249,10,36,456,899,621,3,13,1,1,154,106,34207,492,33146,141,53,155,9,19,192,19653,9521,9621,371,140,23053,10730,12160,163,24880,12299,12144,437,26072,12551,13052,469,27300,10411,14814,2075,3
-93.7859656165551,40.7377034989101,19,053,19053,Decatur,Decatur County,1377566066,4142102,+40.7363787,-093.7845799,8457,7946,149,28,53,16,9,75,181,122,3,5,6,0,32,13,6539,122,6153,126,23,40,16,9,50,3709,1674,1903,94,38,4011,1859,2088,64,4102,1986,2020,96,3833,1791,1947,95,3734,1201,2296,237,2
-94.1646370951419,42.4257929914947,19,187,19187,Webster,Webster County,1853443769,7277623,+42.4343970,-094.1791565,38013,34210,1435,90,241,7,35,549,1446,885,27,22,5,2,373,132,29594,858,27167,1111,78,178,5,13,184,17048,8479,8172,282,115,18631,9561,8959,111,18554,9917,8337,300,18292,9537,8469,286,17430,6305,10056,1069,4
-94.627153962067,42.3844030015293,19,025,19025,Calhoun,Calhoun County,1476209027,5560503,+42.3861699,-094.6436829,9670,9470,19,18,20,1,2,50,90,56,3,1,1,0,19,10,7618,45,7518,7,14,11,1,2,20,5041,2132,2776,93,40,5542,2243,3255,44,5195,2341,2741,113,5230,2238,2891,101,5159,1398,3468,293,4
-92.6408860749001,41.3356100086795,19,123,19123,Mahaska,Mahaska County,1478527687,6564800,+41.3307969,-092.6363663,22381,21242,251,47,250,4,8,219,360,186,3,13,5,0,126,27,16940,228,16188,208,37,184,3,4,88,9543,3370,5971,143,59,10728,3790,6858,80,10932,4464,6271,197,10883,4213,6448,222,10632,2619,7432,581,2
-93.9316899938848,42.037123003485,19,015,19015,Boone,Boone County,1480356844,5364798,+42.0386005,-093.9391375,26306,25194,202,72,87,3,17,226,505,315,4,9,1,0,136,40,20027,260,19448,103,40,61,3,10,102,12249,6270,5625,252,102,14009,7027,6870,112,13929,7356,6293,280,14388,7512,6556,320,14196,5541,7484,1171,4
-91.5998413689425,42.0792155002809,19,113,19113,Linn,Linn County,1856710588,19748575,+42.0779506,-091.5976735,211226,188592,8160,479,3783,162,157,4359,5534,3292,186,86,23,18,1355,574,159379,3347,146120,5085,334,2766,98,73,1556,92064,48897,40417,2106,644,110740,60442,49442,856,113355,68037,43626,1692,118453,68581,47622,2250,117098,58935,48390,9773,1
-93.0574383223808,41.6860395085855,19,099,19099,Jasper,Jasper County,1891779160,6565706,+41.6856863,-093.0529712,36842,35284,464,101,163,8,2,283,537,355,6,2,0,0,131,43,28425,316,27396,408,73,111,7,2,112,17835,8699,8729,267,140,20062,10430,9462,170,19421,10250,8794,377,19515,10257,8877,381,19034,7109,10560,1365,2
-95.1568047058809,40.7381189952444,19,145,19145,Page,Page County,1385494422,1359125,+40.7390902,-095.1442898,15932,14767,344,69,116,4,5,189,438,272,8,17,0,2,109,30,12426,253,11694,240,54,78,4,4,99,7059,2293,4588,125,53,7513,2211,5243,59,7356,2900,4351,105,7079,2613,4348,118,7044,1807,4893,344,3
-95.4963622734415,42.3867059801409,19,093,19093,Ida,Ida County,1117599646,1406468,+42.3918601,-095.5074206,7089,6907,17,9,19,1,1,35,100,50,0,3,0,0,41,6,5391,53,5298,9,7,11,1,1,11,3491,1411,1968,58,54,3774,1415,2342,17,3547,1454,2036,57,3663,1321,2286,56,3612,792,2655,165,4
-95.3818288897157,42.037290987105,19,047,19047,Crawford,Crawford County,1849742893,2194275,+42.0431192,-095.3890903,17096,12541,195,26,97,8,13,85,4131,1627,13,33,7,8,2249,194,12580,2347,9969,122,17,77,8,2,38,6555,2838,3482,146,89,7242,3220,3955,67,7191,3715,3345,131,6752,3066,3595,91,6935,1991,4617,327,4
-94.6995192266207,41.02892738692,19,003,19003,Adams,Adams County,1096700733,5353423,+41.0216555,-094.6969059,4029,3922,8,18,23,0,0,21,37,31,0,1,1,0,3,1,3180,22,3109,6,17,15,0,0,11,2145,897,1170,51,27,2325,977,1317,31,2206,1118,1046,42,2185,1028,1108,49,2106,565,1395,146,3
-91.1321775775325,41.7722369962385,19,031,19031,Cedar,Cedar County,1500731293,6385840,+41.7723547,-091.1321900,18499,17897,52,23,78,2,1,162,284,193,0,6,7,1,42,35,13962,164,13630,27,18,53,1,0,69,8344,4033,4031,212,68,9694,4747,4869,78,9665,5221,4289,155,9649,4972,4529,148,9541,3599,5295,647,2
-94.8605294542802,42.0364559848039,19,027,19027,Carroll,Carroll County,1474835105,2145362,+42.0394920,-094.8676471,20816,20119,82,20,92,0,5,165,333,131,1,5,0,1,174,21,15640,188,15274,41,15,62,0,3,57,9568,4463,4879,146,80,10524,4689,5762,73,10387,5302,4922,163,10674,4947,5601,126,10544,3309,6638,597,4
-94.9186309465483,41.6832734862064,19,009,19009,Audubon,Audubon County,1147264459,1152260,+41.6791780,-094.9043119,6119,6007,9,7,25,1,1,32,37,25,1,1,0,0,5,5,4780,27,4714,5,4,13,1,0,16,3784,1780,1909,56,39,3592,1608,1958,26,3435,1739,1634,62,3457,1611,1802,44,3412,1080,2136,196,4
-91.3696950960397,42.4709120025869,19,055,19055,Delaware,Delaware County,1496381153,3082496,+42.4730031,-091.3594425,17764,17408,45,17,44,0,8,103,139,99,3,1,5,2,17,12,13281,76,13094,29,13,29,0,3,37,8349,3808,4273,161,107,9200,4227,4908,65,8901,4649,4113,139,9378,4616,4636,126,9241,2957,5694,590,1
-93.2326293795129,42.3832690038052,19,083,19083,Hardin,Hardin County,1474498672,1773894,+42.3899554,-093.2410810,17534,16430,208,31,68,1,3,142,651,369,9,11,11,0,202,49,13486,378,12842,145,16,42,1,1,61,8435,3734,4486,141,74,8949,4015,4875,59,8859,4393,4315,151,8898,4075,4670,153,8533,2787,5254,492,4
-96.1572354589839,43.0843397394349,19,167,19167,Sioux,Sioux County,1989969635,1707495,+43.0828542,-096.1779289,33704,30090,104,48,264,3,4,190,3001,1351,25,48,8,1,1444,124,24657,1742,22577,52,28,177,3,3,75,14692,2148,12241,156,147,16570,2259,14229,82,16664,3030,13490,144,17308,2700,14407,201,18194,2300,14785,1109,4
-94.4707411697354,41.3307739876669,19,001,19001,Adair,Adair County,1474404167,2597997,+41.3285283,-094.4781643,7682,7507,11,4,22,1,2,34,101,51,0,0,0,0,32,18,5957,53,5860,5,3,18,1,1,16,4123,1753,2275,66,29,4278,1844,2402,32,4053,1924,2060,69,3996,1790,2114,92,3811,1133,2461,217,3
-94.2428894101346,41.0271119798655,19,175,19175,Union,Union County,1097235730,5575916,+41.0285502,-094.2450907,12534,12029,88,30,59,3,2,98,225,115,1,9,1,0,72,27,9598,124,9316,57,20,36,3,2,40,5740,2540,3003,108,89,5978,2747,3165,66,5909,3000,2781,128,5957,3043,2813,101,5832,1922,3525,385,3
-95.6218261008923,41.031098985218,19,129,19129,Mills,Mills County,1132956394,8306523,+41.0337028,-095.6191010,15059,14390,57,41,55,10,6,141,359,249,0,8,0,0,78,24,11240,191,10865,40,30,30,7,2,75,5915,2039,3684,126,66,6940,2308,4556,76,7282,2976,4183,123,7212,2848,4216,148,7698,2090,5067,541,3
-93.3270069590036,40.7386475130712,19,185,19185,Wayne,Wayne County,1360874542,4441137,+40.7399827,-093.3326126,6403,6244,17,12,15,1,0,45,69,31,1,0,3,0,31,3,4903,37,4816,7,8,12,0,0,23,3021,1300,1666,31,24,3133,1379,1733,21,2980,1357,1565,58,2900,1251,1583,66,2940,719,2069,152,2
-95.9507339012762,42.0390550071704,19,133,19133,Monona,Monona County,1797638295,12591879,+42.0494317,-095.9565661,9243,8904,33,90,20,4,0,85,107,68,0,7,0,0,27,5,7195,54,7030,17,48,16,2,0,28,4560,2086,2304,93,77,5018,2397,2575,46,4796,2295,2411,90,4742,2101,2557,84,4572,1247,3120,205,4
-95.8400521830419,41.685654716607,19,085,19085,Harrison,Harrison County,1804827800,12417759,+41.6885844,-095.8271491,14928,14532,25,39,41,0,0,108,183,126,0,4,1,0,34,18,11333,87,11132,10,21,26,0,0,57,6543,2551,3802,126,64,7680,2906,4680,94,7578,3555,3909,114,7322,3136,4065,121,7465,2131,4902,432,4
-93.3276659003545,41.0294099862768,19,117,19117,Lucas,Lucas County,1115231642,9852849,+41.0333440,-093.3314666,8898,8720,15,9,15,3,1,46,89,49,2,7,0,0,23,8,6723,57,6610,9,7,10,3,1,26,4303,1934,2262,65,42,4571,1987,2543,41,4471,2029,2330,112,4323,1987,2254,82,4354,1239,2877,238,2
-94.6783583180911,43.3781849869291,19,063,19063,Emmet,Emmet County,1025333118,17196398,+43.3779844,-094.6693702,10302,9319,61,35,44,1,4,75,763,272,4,34,0,0,370,83,7932,411,7392,47,23,30,0,1,28,4630,2165,2331,98,36,5156,2405,2697,54,5015,2570,2373,72,4687,2099,2507,81,4753,1357,3124,272,4
-93.5814505379193,41.6724854931573,19,153,19153,Polk,Polk County,1486121332,45945876,+41.6842807,-093.5697204,430640,347710,25344,894,15118,228,605,8094,32647,17185,509,490,102,26,12024,2311,320715,19054,269979,16507,654,10912,169,273,3167,174167,89715,79927,3366,1159,202618,105218,95828,1572,214386,120984,89668,3734,228882,128465,96096,4321,231555,119804,93492,18259,3
-91.8449905569453,42.4702869918831,19,019,19019,Buchanan,Buchanan County,1478934897,5427652,+42.4703284,-091.8386658,20958,20344,59,22,90,1,4,195,243,161,8,10,0,0,32,32,15282,128,14979,32,13,51,1,3,75,9410,5045,4092,171,102,10475,5608,4797,70,10338,6050,4139,149,10535,5911,4450,174,10252,3970,5510,772,1
-92.3176489422589,43.0611104972535,19,037,19037,Chickasaw,Chickasaw County,1306338733,3309332,+43.0597409,-092.3172101,12439,12048,29,5,40,0,0,48,269,71,12,5,0,0,169,12,9404,141,9199,11,3,24,0,0,26,6584,3435,2936,145,68,6806,3708,3040,58,6583,3923,2557,103,6484,3554,2836,94,6435,2266,3742,427,4
-91.1961085135743,40.8853851952396,19,057,19057,Des Moines,Des Moines County,1077754850,35294123,+40.9153392,-091.1869253,40325,36059,2005,88,285,18,25,803,1042,645,43,11,5,3,207,128,30982,584,28604,1227,67,206,12,10,272,19365,11351,7385,409,220,20874,12456,8221,197,20570,12462,7721,387,20385,11888,8136,361,19103,8212,9529,1362,2
-94.9276944523453,41.3313725044594,19,029,19029,Cass,Cass County,1461450856,1758815,+41.3338235,-094.9333023,13956,13502,33,23,30,45,9,61,253,134,2,5,0,0,87,25,10768,146,10503,24,16,22,25,8,24,6880,2481,4206,147,46,7543,2679,4796,68,7350,3211,4006,133,7205,2858,4217,130,7125,1951,4761,413,3
-91.3447110894889,43.2906829922263,19,005,19005,Allamakee,Allamakee County,1655214493,50995230,+43.2749637,-091.3827510,14330,13325,109,31,33,11,3,61,757,425,4,5,1,6,289,27,11020,425,10430,82,25,28,9,1,20,6462,2883,3277,199,103,7062,3449,3530,83,7059,3971,2965,123,6934,3553,3264,117,6923,2421,4093,409,1
-94.0157491430579,41.334548997388,19,121,19121,Madison,Madison County,1452999410,2983842,+41.3306216,-094.0151842,15679,15233,45,26,51,1,5,121,197,143,1,2,0,0,34,17,11411,109,11183,19,17,32,1,1,49,6969,3093,3662,128,86,8004,3380,4538,86,8480,3733,4579,168,8458,3630,4638,190,8636,2678,5360,598,3
-93.2607596127353,43.0816305086544,19,033,19033,Cerro Gordo,Cerro Gordo County,1471923432,17626527,+43.0751708,-093.2512660,44151,40876,555,68,368,8,18,564,1694,1088,23,23,9,1,398,152,34660,1021,32727,346,48,268,7,14,229,22162,12185,9397,408,172,24516,13372,10960,184,24140,14405,9375,360,23824,13316,10128,380,22965,9862,11621,1482,4
-91.8442432022216,42.8629989720753,19,065,19065,Fayette,Fayette County,1892791345,1334074,+42.8644496,-091.8393728,20880,19987,196,21,105,15,6,170,380,266,2,0,2,0,87,23,16189,236,15619,165,18,74,10,3,64,9621,4640,4747,174,60,10392,5185,5128,79,10259,5908,4205,146,10366,5732,4492,142,9975,3689,5620,666,1
-92.3180731985746,42.7748875014697,19,017,19017,Bremer,Bremer County,1127880105,10171939,+42.7808902,-092.3275863,24276,23459,186,11,173,2,4,202,239,142,5,5,1,0,57,29,18763,137,18242,155,10,141,2,3,73,11175,5169,5675,260,71,12779,6025,6665,89,12871,6940,5741,190,13346,6763,6405,178,13538,5356,7208,974,1
-92.5328512758247,42.0799455120134,19,171,19171,Tama,Tama County,1867411117,2769451,+42.0748481,-092.5294115,17767,14874,59,1183,45,3,8,275,1320,499,1,144,1,1,498,176,13227,665,11599,24,796,32,3,4,104,8315,4045,4034,160,76,9001,4487,4456,58,8850,4899,3820,131,9017,4768,4098,151,8752,3196,4971,585,1
-95.6240316733097,43.3781154881576,19,143,19143,Osceola,Osceola County,1032587437,1835265,+43.3785421,-095.6337878,6462,5937,15,19,19,1,3,38,430,212,3,2,0,4,197,12,4972,249,4666,5,16,14,1,3,18,3063,913,2064,56,30,3266,934,2295,37,3127,1037,2027,63,3194,912,2230,52,3213,552,2531,130,4
-91.5447130880689,40.9878969813402,19,087,19087,Henry,Henry County,1124904348,5780284,+40.9858640,-091.5442697,20145,18141,435,46,450,20,8,281,764,416,12,15,11,2,266,42,15476,490,14169,312,37,323,18,6,121,8671,3907,4476,183,105,9457,4127,5220,110,9377,4349,4822,206,9697,4460,5035,202,9404,2904,5779,721,2
-92.5332271664699,41.6851785002821,19,157,19157,Poweshiek,Poweshiek County,1514967877,2939136,+41.6845262,-092.5228819,18914,17705,213,41,255,21,6,217,456,252,7,9,5,0,141,42,14962,323,14079,154,30,218,21,5,132,8980,4222,4396,287,75,10091,5043,4965,83,10031,5519,4340,172,9975,5357,4424,194,9833,4304,4946,583,1
-93.7340974779494,43.081958002589,19,081,19081,Hancock,Hancock County,1478894985,5265572,+43.0754105,-093.7436965,11341,10744,50,10,47,1,7,84,398,213,6,6,0,0,151,22,8683,203,8385,18,6,34,1,4,32,5438,2281,2988,123,46,5905,2484,3368,53,5930,2805,3016,109,5925,2521,3317,87,5871,1587,3977,307,4
-91.8425568088931,43.2916414986932,19,191,19191,Winneshiek,Winneshiek County,1786750121,698598,+43.2929889,-091.8507880,21056,20153,130,10,224,2,3,116,418,194,3,3,2,2,170,44,16759,253,16139,105,10,183,2,3,64,9417,4339,4647,343,88,10784,5354,5324,106,11280,6829,4273,178,11084,6256,4622,206,11362,5254,5344,764,1
-91.1314452823535,42.1212505071045,19,105,19105,Jones,Jones County,1490851138,3582593,+42.1251175,-091.1169141,20638,19716,405,42,90,2,6,107,270,185,3,7,0,0,59,16,16012,193,15316,373,31,59,2,1,37,9143,4690,4201,195,57,9978,5054,4834,90,10004,5446,4405,153,10449,5534,4721,194,10133,3787,5720,626,1
-94.6785405614618,42.7343265181376,19,151,19151,Pocahontas,Pocahontas County,1495047042,3666526,+42.7340333,-094.6782789,7310,7043,26,9,12,8,0,46,166,83,0,3,0,2,45,33,5741,85,5598,17,6,9,6,0,20,4141,1736,2242,78,85,4313,1822,2441,50,4011,1800,2138,73,4032,1523,2396,113,3865,963,2702,200,4
-94.3968812836211,42.0370285167407,19,073,19073,Greene,Greene County,1475188829,4249897,+42.0424940,-094.3887028,9336,9017,22,25,30,3,8,60,171,91,4,0,0,0,74,2,7180,103,7001,6,15,20,2,3,30,4719,2301,2282,106,30,5113,2459,2618,36,4804,2371,2349,84,4846,2375,2380,91,4821,1691,2820,310,4
-91.299776609527,41.2484845077556,19,115,19115,Louisa,Louisa County,1040569636,40798459,+41.2182111,-091.2569936,11387,9309,52,26,101,7,7,88,1797,963,8,7,1,1,732,85,8444,1052,7194,43,17,86,4,4,44,4637,2294,2207,85,51,4916,2297,2572,47,4920,2523,2314,83,4968,2452,2420,96,5008,1648,3069,291,2
-92.4095738362332,41.0307535026713,19,179,19179,Wapello,Wapello County,1118443326,10846138,+41.0312631,-092.4094822,35625,31157,447,90,250,43,9,395,3234,1645,35,86,4,5,1303,156,27506,1869,24847,314,73,187,22,6,188,15139,8355,6313,317,154,16707,9125,7403,179,15931,8820,6663,448,15770,8663,6789,318,15149,5594,8715,840,2
-91.5383822342496,40.5948336022813,19,111,19111,Lee,Lee County,1340366450,55293745,+40.6475875,-091.4771574,35862,32833,1094,61,181,7,11,583,1092,704,24,7,2,4,240,111,27901,686,25897,860,54,139,6,6,253,16572,9632,6339,325,276,17858,10152,7472,234,17224,9821,7062,341,18911,10714,7785,412,16151,6215,8803,1133,2
-93.4652108698235,42.0355404817579,19,169,19169,Story,Story County,1483592867,2152172,+42.0375379,-093.4660934,89542,77812,2125,134,5369,17,112,1278,2695,1532,71,29,14,3,806,240,73589,1912,64617,1493,95,4647,15,59,751,35364,17478,16228,1317,341,44652,23296,20819,537,46575,26548,18995,1032,47150,26192,19668,1290,50667,25709,19458,5500,4
-92.7681038981537,42.3820619952425,19,075,19075,Grundy,Grundy County,1299805924,94406,+42.4033232,-092.7902613,12453,12190,26,4,27,7,1,76,122,79,2,0,0,0,30,11,9488,50,9382,10,2,14,1,0,29,6111,2139,3851,70,51,6849,2386,4429,34,6828,2790,3945,93,6962,2635,4215,112,6872,1856,4527,489,4
-95.5508165262317,41.3330385680924,19,155,19155,Pottawattamie,Pottawattamie County,2147483647,22925740,+41.3401835,-095.5449053,93158,83609,1216,334,549,25,36,1238,6151,2949,51,107,21,2,2489,532,70679,3559,64968,848,251,411,21,23,598,34467,14726,18783,690,268,41820,16906,24558,356,42320,20436,21237,647,42301,19644,21860,797,42680,15355,24447,2878,3
-92.317234994501,43.3572999998504,19,089,19089,Howard,Howard County,1225706425,927963,+43.3653125,-092.3219084,9566,9314,25,9,24,7,1,68,118,66,0,1,0,0,38,13,7154,59,7033,13,6,15,3,1,24,4491,2426,1922,100,43,4697,2614,2028,55,4728,2941,1722,65,4645,2768,1795,82,4559,1677,2611,271,1
